{
    "currencyOptions": [
        { "value": "AED", "label": "AED (د.إ)" },
        { "value": "AFN", "label": "AFN" },
        { "value": "ALL", "label": "ALL (Lek)" },
        { "value": "AMD", "label": "AMD" },
        { "value": "ANG", "label": "ANG (ƒ)" },
        { "value": "AOA", "label": "AOA (Kz)" },
        { "value": "ARS", "label": "ARS ($)" },
        { "value": "AUD", "label": "AUD ($)" },
        { "value": "AWG", "label": "AWG (ƒ)" },
        { "value": "AZN", "label": "AZN (ман)" },
        { "value": "BAM", "label": "BAM (KM)" },
        { "value": "BBD", "label": "BBD ($)" },
        { "value": "BDT", "label": "BDT (Tk)" },
        { "value": "BGN", "label": "BGN (лв)" },
        { "value": "BHD", "label": "BHD" },
        { "value": "BIF", "label": "BIF" },
        { "value": "BMD", "label": "BMD ($)" },
        { "value": "BND", "label": "BND ($)" },
        { "value": "BOB", "label": "BOB ($b)" },
        { "value": "BOV", "label": "BOV" },
        { "value": "BRL", "label": "BRL (R$)" },
        { "value": "BSD", "label": "BSD ($)" },
        { "value": "BTN", "label": "BTN" },
        { "value": "BWP", "label": "BWP (P)" },
        { "value": "BYN", "label": "BYN (Br)" },
        { "value": "BZD", "label": "BZD (BZ$)" },
        { "value": "CAD", "label": "CAD ($)" },
        { "value": "CDF", "label": "CDF" },
        { "value": "CHE", "label": "CHE" },
        { "value": "CHF", "label": "CHF" },
        { "value": "CHW", "label": "CHW" },
        { "value": "CLF", "label": "CLF" },
        { "value": "CLP", "label": "CLP ($)" },
        { "value": "CNY", "label": "CNY (¥)" },
        { "value": "COP", "label": "COP (p.)" },
        { "value": "COU", "label": "COU" },
        { "value": "CRC", "label": "CRC (₡)" },
        { "value": "CUC", "label": "CUC" },
        { "value": "CUP", "label": "CUP (₱)" },
        { "value": "CVE", "label": "CVE" },
        { "value": "CZK", "label": "CZK (Kč)" },
        { "value": "DJF", "label": "DJF (CHF)" },
        { "value": "DKK", "label": "DKK (kr)" },
        { "value": "DOP", "label": "DOP (RD$)" },
        { "value": "DZD", "label": "DZD" },
        { "value": "EGP", "label": "EGP (E£)" },
        { "value": "ERN", "label": "ERN" },
        { "value": "ETB", "label": "ETB" },
        { "value": "EUR", "label": "EUR (€)" },
        { "value": "FJD", "label": "FJD ($)" },
        { "value": "FKP", "label": "FKP (£)" },
        { "value": "GBP", "label": "GBP (£)" },
        { "value": "GEL", "label": "GEL" },
        { "value": "GHS", "label": "GHS (GH¢)" },
        { "value": "GIP", "label": "GIP (£)" },
        { "value": "GMD", "label": "GMD" },
        { "value": "GNF", "label": "GNF" },
        { "value": "GTQ", "label": "GTQ (Q)" },
        { "value": "GYD", "label": "GYD ($)" },
        { "value": "HKD", "label": "HKD (HK$)" },
        { "value": "HNL", "label": "HNL (L)" },
        { "value": "HRK", "label": "HRK (kn)" },
        { "value": "HTG", "label": "HTG" },
        { "value": "HUF", "label": "HUF (Ft)" },
        { "value": "IDR", "label": "IDR (Rp)" },
        { "value": "ILS", "label": "ILS (₪)" },
        { "value": "INR", "label": "INR (Rs)" },
        { "value": "IQD", "label": "IQD" },
        { "value": "IRR", "label": "IRR" },
        { "value": "ISK", "label": "ISK (kr)" },
        { "value": "JMD", "label": "JMD (J$)" },
        { "value": "JOD", "label": "JOD" },
        { "value": "JPY", "label": "JPY (¥)" },
        { "value": "KES", "label": "KES (KSh)" },
        { "value": "KGS", "label": "KGS (лв)" },
        { "value": "KHR", "label": "KHR (៛)" },
        { "value": "KMF", "label": "KMF" },
        { "value": "KPW", "label": "KPW (₩)" },
        { "value": "KRW", "label": "KRW (₩)" },
        { "value": "KWD", "label": "KWD (ك)" },
        { "value": "KYD", "label": "KYD ($)" },
        { "value": "KZT", "label": "KZT (лв)" },
        { "value": "LAK", "label": "LAK (₭)" },
        { "value": "LBP", "label": "LBP (£)" },
        { "value": "LKR", "label": "LKR (Rs)" },
        { "value": "LRD", "label": "LRD ($)" },
        { "value": "LSL", "label": "LSL" },
        { "value": "LYD", "label": "LYD (LD)" },
        { "value": "MAD", "label": "MAD" },
        { "value": "MDL", "label": "MDL" },
        { "value": "MGA", "label": "MGA" },
        { "value": "MKD", "label": "MKD (ден)" },
        { "value": "MMK", "label": "MMK" },
        { "value": "MNT", "label": "MNT (₮)" },
        { "value": "MOP", "label": "MOP" },
        { "value": "MRU", "label": "MRU" },
        { "value": "MUR", "label": "MUR (Rs)" },
        { "value": "MVR", "label": "MVR" },
        { "value": "MWK", "label": "MWK" },
        { "value": "MXN", "label": "MXN ($)" },
        { "value": "MXV", "label": "MXV" },
        { "value": "MYR", "label": "MYR (RM)" },
        { "value": "MZN", "label": "MZN (MT)" },
        { "value": "NAD", "label": "NAD (N$)" },
        { "value": "NGN", "label": "NGN (₦)" },
        { "value": "NIO", "label": "NIO (C$)" },
        { "value": "NOK", "label": "NOK (kr)" },
        { "value": "NPR", "label": "NPR (Rs)" },
        { "value": "NZD", "label": "NZD ($)" },
        { "value": "OMR", "label": "OMR" },
        { "value": "PAB", "label": "PAB (B/.)" },
        { "value": "PEN", "label": "PEN (S/.)" },
        { "value": "PGK", "label": "PGK" },
        { "value": "PHP", "label": "PHP (₱)" },
        { "value": "PKR", "label": "PKR (Rs)" },
        { "value": "PLN", "label": "PLN (zł)" },
        { "value": "PYG", "label": "PYG (Gs)" },
        { "value": "QAR", "label": "QAR" },
        { "value": "RON", "label": "RON (lei)" },
        { "value": "RSD", "label": "RSD (Дин.)" },
        { "value": "RUB", "label": "RUB (руб)" },
        { "value": "RWF", "label": "RWF" },
        { "value": "SAR", "label": "SAR" },
        { "value": "SBD", "label": "SBD ($)" },
        { "value": "SCR", "label": "SCR (Rs)" },
        { "value": "SDG", "label": "SDG" },
        { "value": "SEK", "label": "SEK (kr)" },
        { "value": "SGD", "label": "SGD ($)" },
        { "value": "SHP", "label": "SHP (£)" },
        { "value": "SLL", "label": "SLL" },
        { "value": "SOS", "label": "SOS (S)" },
        { "value": "SRD", "label": "SRD ($)" },
        { "value": "SSP", "label": "SSP" },
        { "value": "STN", "label": "STN" },
        { "value": "SVC", "label": "SVC ($)" },
        { "value": "SYP", "label": "SYP (£)" },
        { "value": "SZL", "label": "SZL" },
        { "value": "THB", "label": "THB (฿)" },
        { "value": "TJS", "label": "TJS" },
        { "value": "TMT", "label": "TMT" },
        { "value": "TND", "label": "TND (DT)" },
        { "value": "TOP", "label": "TOP" },
        { "value": "TRY", "label": "TRY" },
        { "value": "TTD", "label": "TTD (TT$)" },
        { "value": "TWD", "label": "TWD (NT$)" },
        { "value": "TZS", "label": "TZS (TSh)" },
        { "value": "UAH", "label": "UAH (₴)" },
        { "value": "UGX", "label": "UGX (USh)" },
        { "value": "USD", "label": "USD ($)" },
        { "value": "USN", "label": "USN" },
        { "value": "UYI", "label": "UYI" },
        { "value": "UYU", "label": "UYU ($U)" },
        { "value": "UYW", "label": "UYW" },
        { "value": "UZS", "label": "UZS (лв)" },
        { "value": "VES", "label": "VES" },
        { "value": "VND", "label": "VND (₫)" },
        { "value": "VUV", "label": "VUV" },
        { "value": "WST", "label": "WST" },
        { "value": "XAF", "label": "XAF" },
        { "value": "XAG", "label": "XAG" },
        { "value": "XAU", "label": "XAU" },
        { "value": "XBA", "label": "XBA" },
        { "value": "XBB", "label": "XBB" },
        { "value": "XBC", "label": "XBC" },
        { "value": "XBD", "label": "XBD" },
        { "value": "XCD", "label": "XCD ($)" },
        { "value": "XDR", "label": "XDR" },
        { "value": "XOF", "label": "XOF" },
        { "value": "XPD", "label": "XPD" },
        { "value": "XPF", "label": "XPF" },
        { "value": "XPT", "label": "XPT" },
        { "value": "XSU", "label": "XSU" },
        { "value": "XTS", "label": "XTS" },
        { "value": "XUA", "label": "XUA" },
        { "value": "XXX", "label": "XXX" },
        { "value": "YER", "label": "YER" },
        { "value": "ZAR", "label": "ZAR (R)" },
        { "value": "ZMW", "label": "ZMW (ZK)" },
        { "value": "ZWL", "label": "ZWL" }
    ],

    "typeOption": [
        "Invoice",
        "Credit Note",
        "Quote",
        "purchase Order",
        "Reciept"
    ],

    "tableData": {
        "heading": {
          "item": "Item",
          "quantity": "Quantity",
          "rate": "Rate",
          "amount": "Amount"
        },
        "data": [
          {
            "item": "",
            "quantity": "1",
            "rate": "0",
            "amount": "0"
          }
        ],
        "totalAmount": 0
    },

    "details": {
        "id": "",
        "invoice": "INVOICE",
        "logo": null,
        "from": "",
        "billTo": "Bill To",
        "billToText": "",
        "shipTo": "Ship To",
        "shipToText": "",
        "Notes": "Notes",
        "NotesText": "",
        "Terms": "Terms",
        "TermsText": "",
        "data": [
          {
            "text": "Data",
            "property": "",
            "type": "date"
          },
          {
            "text": "Payment Terms",
            "property": "",
            "type": "text"
          },
          {
            "text": "Due Date",
            "property": "",
            "type": "date"
          },
          {
            "text": "PO Number",
            "property": "",
            "type": "text"
          }
        ],
        "calculation": [
          {
            "text": "Subtotal",
            "property": "",
            "remove": false,
            "editable": false
          },
          {
            "text": "Discount",
            "property": "",
            "remove": true,
            "editable": true,
            "swap": false
          },
          {
            "text": "Tax",
            "property": "",
            "remove": true,
            "editable": true,
            "swap": false
          },
          {
            "text": "Shipping",
            "property": "",
            "remove": true,
            "editable": true,
            "swap": true
          },
          {
            "text": "Total",
            "property": "",
            "remove": false,
            "editable": false
          },
          {
            "text": "Amount Paid",
            "property": "",
            "remove": false,
            "editable": true,
            "swap": true
          },
          {
            "text": "Balance Due",
            "property": "",
            "remove": false,
            "editable": false
          }
        ]
      }
}
